index,zero
1,14.134725141734693790
2,21.022039638771554993
3,25.010857580145688763
4,30.424876125859513210
5,32.935061587739189690
6,37.586178158825671257
7,40.918719012147495187
8,43.327073280914999519
9,48.005150881167159727
10,49.773832477672302181
